<?xml version="1.0" encoding="UTF-8"?>
<beans:beans xmlns:beans="http://www.springframework.org/schema/beans"
	xmlns="http://www.springframework.org/schema/security" xmlns:xsi="http://www.w3.org/2001/XMLSchema-instance"
	xsi:schemaLocation="
   http://www.springframework.org/schema/beans     
   http://www.springframework.org/schema/beans/spring-beans.xsd
   http://www.springframework.org/schema/security     
   http://www.springframework.org/schema/security/spring-security.xsd">

	<http pattern="/resources/**" security="none" />

	<http>
		<intercept-url pattern="/admin/**" access="harAuthority(ADMIN)" />

		<form-login login-page="/login" authentication-failure-url="/login"
			default-target-url="/" />
		<csrf disabled="true" />
	</http>

	<authentication-manager>
		<authentication-provider>
			<jdbc-user-service data-source-ref="dataSource"
				users-by-username-query="SELECT username, password , enabled FROM Customer WHERE = username = ?" 
				authorities-by-username-query="SELECT username, role FROM Customer WHERE = username = ?" />
		</authentication-provider>
	</authentication-manager>
</beans:beans>